torch,32,8,512,64,None,None,None,None,None,None,True,0.050979555687970586,343.57720987617455,None,None,None
cute,32,8,512,64,256,2,False,False,64,1,True,0.06789385394109942,257.98231337987244,None,0.050979555687970586,0.7508714372319673
cute,32,8,512,64,256,2,False,True,64,1,True,0.06968724509736277,251.34317592162716,None,0.050979555687970586,0.7315478695813712
cute,32,8,512,64,128,2,False,False,64,1,True,0.0608582643194581,287.80665534688654,None,0.050979555687970586,0.8376767930870974
cute,32,8,512,64,128,2,True,False,64,1,True,0.06667306593486241,262.7059856691161,None,0.050979555687970586,0.7646199401985816
cute,32,8,512,64,128,2,False,True,64,1,True,0.059322867823659246,295.25567705299767,None,0.050979555687970586,0.8593575725217861
cute,32,8,512,64,128,2,True,True,64,1,True,0.06818224773520515,256.8911129481012,None,0.050979555687970586,0.7476954395219778
cute,32,8,512,64,128,4,False,False,64,1,True,0.06162803811686379,284.2117652810225,None,0.050979555687970586,0.8272136716619026
cute,32,8,512,64,128,4,False,True,64,1,True,0.060088307704203404,291.4945381757645,None,0.050979555687970586,0.8484105749645596
cute,32,8,512,64,128,4,True,False,64,1,True,0.06338445286986963,276.33611573424355,None,0.050979555687970586,0.8042911688870028
cute,32,8,512,64,128,4,True,True,64,1,True,0.05996461552925981,292.09581933287524,None,0.050979555687970586,0.8501606362021124
cute,32,8,512,64,128,4,True,True,32,2,False,0.05996769538947514,292.08081768428457,None,0.050979555687970586,0.8501169730947831
cute,32,8,512,64,128,4,True,True,32,2,True,0.05958676918481405,293.9480314778315,None,0.050979555687970586,0.8555515995480915
torch,16,8,1024,64,None,None,None,None,None,None,True,0.08167659290756846,428.8967715345765,None,None,None
cute,16,8,1024,64,256,2,False,False,64,1,True,0.10948458167477551,319.9612810510547,None,0.08167659290756846,0.7460100012090212
cute,16,8,1024,64,256,2,False,True,64,1,True,0.11011992077721228,318.1152579910784,None,0.08167659290756846,0.741705881470905
cute,16,8,1024,64,128,2,False,False,64,1,True,0.09747072011232376,359.3984631244236,None,0.08167659290756846,0.8379602901614517
cute,16,8,1024,64,128,2,True,False,64,1,True,0.10595968000590801,330.60525481057306,None,0.08167659290756846,0.7708271004877931
cute,16,8,1024,64,128,2,False,True,64,1,True,0.09302875252053289,376.5591396086727,None,0.08167659290756846,0.8779714947756735
cute,16,8,1024,64,128,2,True,True,64,1,True,0.10883296958424828,321.8769747974434,None,0.08167659290756846,0.7504765625672108
cute,16,8,1024,64,128,4,False,False,64,1,True,0.09814902000567492,356.9146895809509,None,0.08167659290756846,0.832169214759821
cute,16,8,1024,64,128,4,False,True,64,1,True,0.094126890939061,372.16598422101737,None,0.08167659290756846,0.8677285746158021
cute,16,8,1024,64,None,None,None,None,None,None,None,None,None,"CUDA error: unspecified launch failure
CUDA kernel errors might be asynchronously reported at some other API call, so the stacktrace below might be incorrect.
For debugging consider passing CUDA_LAUNCH_BLOCKING=1
Compile with `TORCH_USE_CUDA_DSA` to enable device-side assertions.
",None,None
cute,16,8,1024,64,None,None,None,None,None,None,None,None,None,"CUDA error: unspecified launch failure
CUDA kernel errors might be asynchronously reported at some other API call, so the stacktrace below might be incorrect.
For debugging consider passing CUDA_LAUNCH_BLOCKING=1
Compile with `TORCH_USE_CUDA_DSA` to enable device-side assertions.
",None,None
cute,16,8,1024,64,None,None,None,None,None,None,None,None,None,"CUDA error: unspecified launch failure
CUDA kernel errors might be asynchronously reported at some other API call, so the stacktrace below might be incorrect.
For debugging consider passing CUDA_LAUNCH_BLOCKING=1
Compile with `TORCH_USE_CUDA_DSA` to enable device-side assertions.
",None,None
cute,16,8,1024,64,None,None,None,None,None,None,None,None,None,"CUDA error: unspecified launch failure
CUDA kernel errors might be asynchronously reported at some other API call, so the stacktrace below might be incorrect.
For debugging consider passing CUDA_LAUNCH_BLOCKING=1
Compile with `TORCH_USE_CUDA_DSA` to enable device-side assertions.
",None,None
torch,8,8,2048,64,None,None,None,None,None,None,True,0.14204170375510497,493.2470687397115,None,None,None
cute,8,8,2048,64,256,2,False,False,64,1,True,0.1913813332716624,366.0840522860645,None,0.14204170375510497,0.7421920483408865
cute,8,8,2048,64,256,2,False,True,64,1,True,0.1951525164868242,359.0097390352137,None,0.14204170375510497,0.727849716274066
cute,8,8,2048,64,128,2,False,False,64,1,True,0.17327552633259885,404.3366971600945,None,0.14204170375510497,0.8197447542733692
cute,8,8,2048,64,128,2,True,False,64,1,True,0.18649142938000815,375.6829697156614,None,0.14204170375510497,0.7616527163061779
cute,8,8,2048,64,128,2,False,True,64,1,True,0.1632034035122141,429.29039779955696,None,0.14204170375510497,0.8703354262123253
cute,8,8,2048,64,128,2,True,True,64,1,True,0.19186461512204056,365.16193447882733,None,0.14204170375510497,0.7403225637241947
cute,8,8,2048,64,128,4,False,False,64,1,True,0.17292524713982818,405.1557258110946,None,0.14204170375510497,0.8214052378381126
cute,8,8,2048,64,128,4,False,True,64,1,True,0.16439625462318988,426.1754878575989,None,0.14204170375510497,0.8640203153087433
cute,8,8,2048,64,None,None,None,None,None,None,None,None,None,"CUDA error: unspecified launch failure
CUDA kernel errors might be asynchronously reported at some other API call, so the stacktrace below might be incorrect.
For debugging consider passing CUDA_LAUNCH_BLOCKING=1
Compile with `TORCH_USE_CUDA_DSA` to enable device-side assertions.
",None,None
cute,8,8,2048,64,128,4,True,True,64,1,True,0.15340260988787602,456.71748392813515,None,0.14204170375510497,0.925940594224082
cute,8,8,2048,64,128,4,True,True,32,2,True,0.15371472356801338,455.79013115812666,None,0.14204170375510497,0.9240604963405246
cute,8,8,2048,64,None,None,None,None,None,None,None,None,None,"CUDA error: unspecified launch failure
CUDA kernel errors might be asynchronously reported at some other API call, so the stacktrace below might be incorrect.
For debugging consider passing CUDA_LAUNCH_BLOCKING=1
Compile with `TORCH_USE_CUDA_DSA` to enable device-side assertions.
",None,None
torch,4,8,4096,64,None,None,None,None,None,None,True,0.260416334202896,538.0741897811482,None,None,None
cute,4,8,4096,64,256,2,False,False,64,1,True,0.34919297513438435,401.2775685939116,None,0.260416334202896,0.7457662460210623
cute,4,8,4096,64,256,2,False,True,64,1,True,0.36642449468742183,382.4070444622762,None,0.260416334202896,0.7106957585492312
cute,4,8,4096,64,128,2,False,False,64,1,True,0.32388565925563256,432.6320231468018,None,0.260416334202896,0.8040378657128433
cute,4,8,4096,64,128,2,True,False,64,1,True,0.34898172778847775,401.5204719168865,None,0.260416334202896,0.7462176769344716
cute,4,8,4096,64,128,2,False,True,64,1,True,0.3040053333554949,460.9238478988917,None,0.260416334202896,0.8566176498567306
cute,4,8,4096,64,128,2,True,True,64,1,True,0.33551486406797243,417.63666245085415,None,0.260416334202896,0.7761692911171229
cute,4,8,4096,64,128,4,False,False,64,1,True,0.32429224001355916,432.08961159891226,None,0.260416334202896,0.803029804820515
cute,4,8,4096,64,128,4,False,True,64,1,True,0.30376597556723167,461.28704102012534,None,0.260416334202896,0.857292636927531
cute,4,8,4096,64,128,4,True,False,64,1,True,0.3496583990752697,400.743435314523,None,0.260416334202896,0.7447735701233281
cute,4,8,4096,64,128,4,True,True,64,1,True,0.27996235384660606,500.50767936025727,None,0.260416334202896,0.9301834001066461
cute,4,8,4096,64,128,4,True,True,32,2,True,0.2798656748477803,500.6805786676535,None,0.260416334202896,0.9305047299728241
cute,4,8,4096,64,128,4,True,True,32,2,True,0.279113787763259,502.0293305999305,None,0.260416334202896,0.9330113581625643
torch,2,8,8192,64,None,None,None,None,None,None,True,0.5084100130357241,551.2216692795704,None,None,None
cute,2,8,8192,64,256,2,False,False,64,1,True,0.6565705849574163,426.83394974536697,None,0.5084100130357241,0.7743417458592033
cute,2,8,8192,64,256,2,False,True,64,1,True,0.7104319996303983,394.47352626260937,None,0.5084100130357241,0.7156350126405118
cute,2,8,8192,64,128,2,False,False,64,1,True,0.6281186470618615,446.16827947220514,None,0.5084100130357241,0.8094171625279775
cute,2,8,8192,64,128,2,True,False,64,1,True,0.6743305008858442,415.5923774704687,None,0.5084100130357241,0.7539478228670419
cute,2,8,8192,64,128,2,False,True,64,1,True,0.5850502644012223,479.01288678302234,None,0.5084100130357241,0.8690022789000246
cute,2,8,8192,64,128,2,True,True,64,1,True,0.6202729723670266,451.8117482929323,None,0.5084100130357241,0.819655273863664
cute,2,8,8192,64,128,4,False,False,64,1,True,0.6259025057156881,447.748033447401,None,0.5084100130357241,0.812283076666042
cute,2,8,8192,64,128,4,False,True,64,1,True,0.5856859683990479,478.4929658295286,None,0.5084100130357241,0.8680590631622013
cute,2,8,8192,64,128,4,True,False,64,1,True,0.6820632380152506,410.880693232339,None,0.5084100130357241,0.7454001105750202
cute,2,8,8192,64,128,4,True,True,64,1,True,0.5319259422166007,526.8526947495321,None,0.5084100130357241,0.9557909714219185
cute,2,8,8192,64,128,4,True,True,32,2,True,0.5345101731164115,524.3054859555775,None,0.5084100130357241,0.9511699470030424
cute,2,8,8192,64,128,4,True,True,32,2,True,0.5329444553170886,525.8458236464066,None,0.5084100130357241,0.9539643540023939
torch,1,8,16384,64,None,None,None,None,None,None,True,1.004504848033824,557.9796187396071,None,None,None
cute,1,8,16384,64,256,2,False,False,64,1,True,1.2720189362156147,440.6327737506206,None,1.004504848033824,0.7896933130746683
cute,1,8,16384,64,256,2,False,True,64,1,True,1.4067279967394741,398.4375326481849,None,1.004504848033824,0.7140718393051632
cute,1,8,16384,64,128,2,False,False,64,1,True,1.2360524243496833,453.45425573101306,None,1.004504848033824,0.8126717186468186
cute,1,8,16384,64,128,2,True,False,64,1,True,1.3814712762832642,405.7219587192297,None,1.004504848033824,0.7271268431554815
cute,1,8,16384,64,128,2,False,True,64,1,True,1.1456426704923313,489.23913761621003,None,1.004504848033824,0.876804673836167
cute,1,8,16384,64,128,2,True,True,64,1,True,1.1932908956040726,469.70376979559944,None,1.004504848033824,0.8417937752934244
cute,1,8,16384,64,128,4,False,False,64,1,True,1.2291969314534614,455.9832666237182,None,1.004504848033824,0.8172041617823185
cute,1,8,16384,64,128,4,False,True,64,1,True,1.1451030191110105,489.4697007812742,None,1.004504848033824,0.8772178845652344
cute,1,8,16384,64,128,4,True,False,64,1,True,1.3706189014694907,408.9344102340006,None,1.004504848033824,0.732884135011459
cute,1,8,16384,64,128,4,True,True,64,1,True,1.0388385875552308,539.5383256286683,None,1.004504848033824,0.9669498804408038
cute,1,8,16384,64,128,4,True,True,32,2,True,1.0431900999762795,537.2877217112631,None,1.004504848033824,0.9629163927616498
cute,1,8,16384,64,128,4,True,True,32,2,True,1.0349000855988146,541.591637615613,None,1.004504848033824,0.9706297854373029
torch,32,16,512,64,None,None,None,None,None,None,True,0.09150964175275178,382.8102300154245,None,None,None
cute,32,16,512,64,256,2,False,False,64,1,True,0.1227412274715924,285.4039162685386,None,0.09150964175275178,0.7455493450554831
cute,32,16,512,64,256,2,False,True,64,1,True,0.12488288022577762,280.50944168381807,None,0.09150964175275178,0.7327637029776229
cute,32,16,512,64,128,2,False,False,64,1,True,0.10938949964474887,320.23939337656185,None,0.09150964175275178,0.836548682002721
cute,32,16,512,64,128,2,True,False,64,1,True,0.12118031816408698,289.0801702679614,None,0.09150964175275178,0.7551526777544936
cute,32,16,512,64,128,2,False,True,64,1,True,0.10648607984185218,328.9709515086482,None,0.09150964175275178,0.8593577854369072
cute,32,16,512,64,128,2,True,True,64,1,True,0.12295305036535167,284.9122238440351,None,0.09150964175275178,0.7442649164118609
cute,32,16,512,64,128,4,False,False,64,1,True,0.10951039999723435,319.8858465395496,None,0.09150964175275178,0.8356251256050825
cute,32,16,512,64,128,4,False,True,64,1,True,0.10646526699904169,329.03526187855533,None,0.09150964175275178,0.8595257808687549
cute,32,16,512,64,128,4,True,False,64,1,True,0.11268182165256821,310.88268270999845,None,0.09150964175275178,0.8121065173662474
cute,32,16,512,64,128,4,True,True,64,1,True,0.10455382165342274,335.05066054994086,None,0.09150964175275178,0.8752395685361929
cute,32,16,512,64,128,4,True,True,32,2,True,0.10445875892865247,335.35557350367134,None,0.09150964175275178,0.8760360805670186
cute,32,16,512,64,128,4,True,True,32,2,True,0.10452128000557423,335.1549751986559,None,0.09150964175275178,0.8755120655609219
torch,16,16,1024,64,None,None,None,None,None,None,True,0.15450921723088204,453.4464368640698,None,None,None
cute,16,16,1024,64,256,2,False,False,64,1,True,0.20481913083273431,342.0659668418176,None,0.15450921723088204,0.7543690699335215
cute,16,16,1024,64,256,2,False,True,64,1,True,0.2079380862414837,336.9351679741616,None,0.15450921723088204,0.7430539542979473
cute,16,16,1024,64,128,2,False,False,64,1,True,0.18396902116055183,380.8339772317232,None,0.15450921723088204,0.8398654091660362
cute,16,16,1024,64,128,2,True,False,64,1,True,0.199826989200089,350.61156801920527,None,0.15450921723088204,0.7732149588470766
cute,16,16,1024,64,128,2,False,True,64,1,True,0.17562791483199341,398.92094649658253,None,0.15450921723088204,0.8797531837617406
cute,16,16,1024,64,128,2,True,True,64,1,True,0.20451165233617244,342.5802550401087,None,0.15450921723088204,0.7555032462253186
cute,16,16,1024,64,128,4,False,False,64,1,True,0.18385055344155493,381.07937509294584,None,0.15450921723088204,0.8404065929559449
cute,16,16,1024,64,128,4,False,True,64,1,True,0.17601974498718342,398.0329253465367,None,0.15450921723088204,0.8777948021804733
cute,16,16,1024,64,None,None,None,None,None,None,None,None,None,"CUDA error: unspecified launch failure
CUDA kernel errors might be asynchronously reported at some other API call, so the stacktrace below might be incorrect.
For debugging consider passing CUDA_LAUNCH_BLOCKING=1
Compile with `TORCH_USE_CUDA_DSA` to enable device-side assertions.
",None,None
cute,16,16,1024,64,None,None,None,None,None,None,None,None,None,"CUDA error: unspecified launch failure
CUDA kernel errors might be asynchronously reported at some other API call, so the stacktrace below might be incorrect.
For debugging consider passing CUDA_LAUNCH_BLOCKING=1
Compile with `TORCH_USE_CUDA_DSA` to enable device-side assertions.
",None,None
cute,16,16,1024,64,None,None,None,None,None,None,None,None,None,"CUDA error: unspecified launch failure
CUDA kernel errors might be asynchronously reported at some other API call, so the stacktrace below might be incorrect.
For debugging consider passing CUDA_LAUNCH_BLOCKING=1
Compile with `TORCH_USE_CUDA_DSA` to enable device-side assertions.
",None,None
cute,16,16,1024,64,None,None,None,None,None,None,None,None,None,"CUDA error: unspecified launch failure
CUDA kernel errors might be asynchronously reported at some other API call, so the stacktrace below might be incorrect.
For debugging consider passing CUDA_LAUNCH_BLOCKING=1
Compile with `TORCH_USE_CUDA_DSA` to enable device-side assertions.
",None,None
torch,8,16,2048,64,None,None,None,None,None,None,True,0.2728131700724041,513.6236934412351,None,None,None
cute,8,16,2048,64,256,2,False,False,64,1,True,0.3664207998663187,382.41090048141695,None,0.2728131700724041,0.7445351633202442
cute,8,16,2048,64,256,2,False,True,64,1,True,0.37859402464914926,370.1149487550817,None,0.2728131700724041,0.7205955517264847
cute,8,16,2048,64,128,2,False,False,64,1,True,0.3339602961952304,419.58073947235056,None,0.2728131700724041,0.816903006676338
cute,8,16,2048,64,128,2,True,False,64,1,True,0.36005728627428596,389.16948322844456,None,0.2728131700724041,0.7576937906058074
cute,8,16,2048,64,128,2,False,True,64,1,True,0.3145841948869752,445.4238652464532,None,0.2728131700724041,0.8672182980153255
cute,8,16,2048,64,128,2,True,True,64,1,True,0.35174400044470716,398.36730080639103,None,0.2728131700724041,0.7756014878078618
cute,8,16,2048,64,128,4,False,False,64,1,True,0.333759210359903,419.83353172756085,None,0.2728131700724041,0.8173951807299072
cute,8,16,2048,64,128,4,False,True,64,1,True,0.31591414569354637,443.5486980944725,None,0.2728131700724041,0.8635674400507771
cute,8,16,2048,64,128,4,True,False,64,1,True,0.357592399045825,391.85203154735785,None,0.2728131700724041,0.762916579883577
cute,8,16,2048,64,128,4,True,True,64,1,True,0.2938848930655174,476.79656674547584,None,0.2728131700724041,0.9282994005805678
cute,8,16,2048,64,128,4,True,True,32,2,True,0.295088193861835,474.852301605831,None,0.2728131700724041,0.9245140122418437
cute,8,16,2048,64,128,4,True,True,32,2,True,0.29379314219667796,476.94546912941667,None,0.2728131700724041,0.9285893061784642
torch,4,16,4096,64,None,None,None,None,None,None,True,0.5192878076008388,539.6749393342532,None,None,None
cute,4,16,4096,64,256,2,False,False,64,1,True,0.6834489982575178,410.0475921078246,None,0.5192878076008388,0.7598047680584581
cute,4,16,4096,64,256,2,False,True,64,1,True,0.7216087800841178,388.3636449536156,None,0.5192878076008388,0.7196251236581483
cute,4,16,4096,64,128,2,False,False,64,1,True,0.6361275141055768,440.55100565495746,None,0.5192878076008388,0.8163265950396443
cute,4,16,4096,64,128,2,True,False,64,1,True,0.6805218044788607,411.81136918693016,None,0.5192878076008388,0.7630729892608014
cute,4,16,4096,64,128,2,False,True,64,1,True,0.5951364391470608,470.8947354419174,None,0.5192878076008388,0.8725525332393914
cute,4,16,4096,64,128,2,True,True,64,1,True,0.6258939009446364,447.7541890742746,None,0.5192878076008388,0.8296738581684511
cute,4,16,4096,64,128,4,False,False,64,1,True,0.635353603729835,441.08763123214527,None,0.5192878076008388,0.817320944671387
cute,4,16,4096,64,128,4,False,True,64,1,True,0.5948155246563812,471.1487922678138,None,0.5192878076008388,0.873023292222956
cute,4,16,4096,64,128,4,True,False,64,1,True,0.6887304177359929,406.9032074773636,None,0.5192878076008388,0.7539783262482455
cute,4,16,4096,64,128,4,True,True,64,1,True,0.545407998389092,513.8293110693861,None,0.5192878076008388,0.9521088967059497
cute,4,16,4096,64,128,4,True,True,32,2,True,0.5444512470908787,514.7322511637517,None,0.5192878076008388,0.9537820151492102
cute,4,16,4096,64,128,4,True,True,32,2,True,0.5453542073567709,513.8799926424014,None,0.5192878076008388,0.9522028080020305
torch,2,16,8192,64,None,None,None,None,None,None,True,1.0502265807121032,533.6879130862972,None,None,None
cute,2,16,8192,64,256,2,False,False,64,1,True,1.296788179356119,432.2164876659317,None,1.0502265807121032,0.8098674844750371
cute,2,16,8192,64,256,2,False,True,64,1,True,1.4074351565782415,398.23733939592074,None,1.0502265807121032,0.7461989106946963
cute,2,16,8192,64,128,2,False,False,64,1,True,1.2463373930557915,449.7122811615024,None,1.0502265807121032,0.8426503020479387
cute,2,16,8192,64,128,2,True,False,64,1,True,1.330309821800752,421.3253356043764,None,1.0502265807121032,0.7894601419167764
cute,2,16,8192,64,128,2,False,True,64,1,True,1.1593346695105236,483.46111512790594,None,1.0502265807121032,0.9058873234210392
cute,2,16,8192,64,128,2,True,True,64,1,True,1.1907846117919345,470.69237087683734,None,1.0502265807121032,0.8819618345014429
cute,2,16,8192,64,128,4,False,False,64,1,True,1.2368932210880776,453.1460133922813,None,1.0502265807121032,0.8490842724388395
cute,2,16,8192,64,128,4,False,True,64,1,True,1.1559659938017528,484.87000061709784,None,1.0502265807121032,0.908527228606533
cute,2,16,8192,64,128,4,True,False,64,1,True,1.3525600018708601,414.39435688821646,None,1.0502265807121032,0.7764731910299214
cute,2,16,8192,64,128,4,True,True,64,1,True,1.0745650155871522,521.6001116709921,None,1.0502265807121032,0.9773504306188953
cute,2,16,8192,64,128,4,True,True,32,2,True,1.0515432704578747,533.0196558472994,None,1.0502265807121032,0.9987478501524734
cute,2,16,8192,64,128,4,True,True,32,2,True,1.0494896522883712,534.0626569360321,None,1.0502265807121032,1.000702177884389
torch,1,16,16384,64,None,None,None,None,None,None,True,2.0469146018125572,547.6469136833352,None,None,None
cute,1,16,16384,64,256,2,False,False,64,1,True,2.5463403997750116,440.23433173155,None,2.0469146018125572,0.8038652656154761
cute,1,16,16384,64,256,2,False,True,64,1,True,2.776554655145716,403.73290047739744,None,2.0469146018125572,0.737213869721262
cute,1,16,16384,64,128,2,False,False,64,1,True,2.4522609934210777,457.12363702859557,None,2.0469146018125572,0.8347050364149725
cute,1,16,16384,64,128,2,True,False,64,1,True,2.725922381436383,411.23198220534556,None,2.0469146018125572,0.7509071482563516
cute,1,16,16384,64,128,2,False,True,64,1,True,2.3019480109214783,486.9729719948215,None,2.0469146018125572,0.8892097441389086
cute,1,16,16384,64,128,2,True,True,64,1,True,2.3381800055503845,479.4269310296881,None,2.0469146018125572,0.875430718316631
cute,1,16,16384,64,128,4,False,False,64,1,True,2.439470356908338,459.52042871989715,None,2.0469146018125572,0.8390815637566155
cute,1,16,16384,64,128,4,False,True,64,1,True,2.299158719278151,487.563757498198,None,2.0469146018125572,0.8902885149465501
cute,1,16,16384,64,128,4,True,False,64,1,True,2.664487992014204,420.71364840664825,None,2.0469146018125572,0.7682206142220983
cute,1,16,16384,64,128,4,True,True,64,1,True,2.0965042475498086,534.6931519772023,None,2.0469146018125572,0.9763465083387229
cute,1,16,16384,64,128,4,True,True,32,2,True,2.1120475224086217,530.758163517838,None,2.0469146018125572,0.9691612428674021
cute,1,16,16384,64,128,4,True,True,32,2,True,2.0660873208727155,542.5649017498909,None,2.0469146018125572,0.9907202765021278
torch,32,8,512,128,None,None,None,None,None,None,True,0.07143788865289173,485.67060620422706,None,None,None
cute,32,8,512,128,None,None,None,None,None,None,None,None,None,"None",None,None
cute,32,8,512,128,None,None,None,None,None,None,None,None,None,"None",None,None
cute,32,8,512,128,None,None,None,None,None,None,None,None,None,"None",None,None
cute,32,8,512,128,None,None,None,None,None,None,None,None,None,"None",None,None
cute,32,8,512,128,None,None,None,None,None,None,None,None,None,"None",None,None
cute,32,8,512,128,None,None,None,None,None,None,None,None,None,"None",None,None
torch,16,8,1024,128,None,None,None,None,None,None,True,0.12058742851519785,575.4378066636903,None,None,None
cute,16,8,1024,128,None,None,None,None,None,None,None,None,None,"None",None,None
cute,16,8,1024,128,None,None,None,None,None,None,None,None,None,"None",None,None
cute,16,8,1024,128,None,None,None,None,None,None,None,None,None,"None",None,None
cute,16,8,1024,128,None,None,None,None,None,None,None,None,None,"None",None,None
cute,16,8,1024,128,None,None,None,None,None,None,None,None,None,"None",None,None
cute,16,8,1024,128,None,None,None,None,None,None,None,None,None,"None",None,None
torch,8,8,2048,128,None,None,None,None,None,None,True,0.21782983585875085,637.1079985663257,None,None,None
cute,8,8,2048,128,None,None,None,None,None,None,None,None,None,"None",None,None
cute,8,8,2048,128,None,None,None,None,None,None,None,None,None,"None",None,None
cute,8,8,2048,128,None,None,None,None,None,None,None,None,None,"None",None,None
cute,8,8,2048,128,None,None,None,None,None,None,None,None,None,"None",None,None
cute,8,8,2048,128,None,None,None,None,None,None,None,None,None,"None",None,None
cute,8,8,2048,128,None,None,None,None,None,None,None,None,None,"None",None,None
torch,4,8,4096,128,None,None,None,None,None,None,True,0.41832796238326087,663.5039645035846,None,None,None
cute,4,8,4096,128,None,None,None,None,None,None,None,None,None,"None",None,None
cute,4,8,4096,128,None,None,None,None,None,None,None,None,None,"None",None,None
cute,4,8,4096,128,None,None,None,None,None,None,None,None,None,"None",None,None
cute,4,8,4096,128,None,None,None,None,None,None,None,None,None,"None",None,None
cute,4,8,4096,128,None,None,None,None,None,None,None,None,None,"None",None,None
cute,4,8,4096,128,None,None,None,None,None,None,None,None,None,"None",None,None
torch,2,8,8192,128,None,None,None,None,None,None,True,0.8310554393550806,667.9753199603509,None,None,None
cute,2,8,8192,128,None,None,None,None,None,None,None,None,None,"None",None,None
cute,2,8,8192,128,None,None,None,None,None,None,None,None,None,"None",None,None
cute,2,8,8192,128,None,None,None,None,None,None,None,None,None,"None",None,None
cute,2,8,8192,128,None,None,None,None,None,None,None,None,None,"None",None,None
cute,2,8,8192,128,None,None,None,None,None,None,None,None,None,"None",None,None
cute,2,8,8192,128,None,None,None,None,None,None,None,None,None,"None",None,None
torch,1,8,16384,128,None,None,None,None,None,None,True,1.6426922718683878,675.871595081658,None,None,None
cute,1,8,16384,128,None,None,None,None,None,None,None,None,None,"None",None,None
cute,1,8,16384,128,None,None,None,None,None,None,None,None,None,"None",None,None
cute,1,8,16384,128,None,None,None,None,None,None,None,None,None,"None",None,None
cute,1,8,16384,128,None,None,None,None,None,None,None,None,None,"None",None,None
cute,1,8,16384,128,None,None,None,None,None,None,None,None,None,"None",None,None
cute,1,8,16384,128,None,None,None,None,None,None,None,None,None,"None",None,None
torch,32,16,512,128,None,None,None,None,None,None,True,0.13269136728424774,522.9470974351592,None,None,None
cute,32,16,512,128,None,None,None,None,None,None,None,None,None,"None",None,None
cute,32,16,512,128,None,None,None,None,None,None,None,None,None,"None",None,None
cute,32,16,512,128,None,None,None,None,None,None,None,None,None,"None",None,None
cute,32,16,512,128,None,None,None,None,None,None,None,None,None,"None",None,None
cute,32,16,512,128,None,None,None,None,None,None,None,None,None,"None",None,None
cute,32,16,512,128,None,None,None,None,None,None,None,None,None,"None",None,None
torch,16,16,1024,128,None,None,None,None,None,None,True,0.23154505665572184,599.3698710586164,None,None,None
cute,16,16,1024,128,None,None,None,None,None,None,None,None,None,"None",None,None
cute,16,16,1024,128,None,None,None,None,None,None,None,None,None,"None",None,None
cute,16,16,1024,128,None,None,None,None,None,None,None,None,None,"None",None,None
cute,16,16,1024,128,None,None,None,None,None,None,None,None,None,"None",None,None
cute,16,16,1024,128,None,None,None,None,None,None,None,None,None,"None",None,None
cute,16,16,1024,128,None,None,None,None,None,None,None,None,None,"None",None,None
torch,8,16,2048,128,None,None,None,None,None,None,True,0.42336964921735637,655.6026442072624,None,None,None
cute,8,16,2048,128,None,None,None,None,None,None,None,None,None,"None",None,None
cute,8,16,2048,128,None,None,None,None,None,None,None,None,None,"None",None,None
cute,8,16,2048,128,None,None,None,None,None,None,None,None,None,"None",None,None
cute,8,16,2048,128,None,None,None,None,None,None,None,None,None,"None",None,None
cute,8,16,2048,128,None,None,None,None,None,None,None,None,None,"None",None,None
cute,8,16,2048,128,None,None,None,None,None,None,None,None,None,"None",None,None
torch,4,16,4096,128,None,None,None,None,None,None,True,0.8548695239345584,649.3675437779387,None,None,None
cute,4,16,4096,128,None,None,None,None,None,None,None,None,None,"None",None,None
cute,4,16,4096,128,None,None,None,None,None,None,None,None,None,"None",None,None
cute,4,16,4096,128,None,None,None,None,None,None,None,None,None,"None",None,None
cute,4,16,4096,128,None,None,None,None,None,None,None,None,None,"None",None,None
cute,4,16,4096,128,None,None,None,None,None,None,None,None,None,"None",None,None
cute,4,16,4096,128,None,None,None,None,None,None,None,None,None,"None",None,None
torch,2,16,8192,128,None,None,None,None,None,None,True,1.6572815766100024,669.9217934269403,None,None,None
cute,2,16,8192,128,None,None,None,None,None,None,None,None,None,"None",None,None
cute,2,16,8192,128,None,None,None,None,None,None,None,None,None,"None",None,None
