torch,32,8,512,64,None,None,None,None,None,None,True,0.051060705719625246,343.0311676492933,None,None,None
cute,32,8,512,64,256,2,False,False,64,1,True,0.06782400010610526,258.2480165811295,None,0.051060705719625246,0.7528412603170681
cute,32,8,512,64,256,2,False,True,64,1,True,0.06965511126650704,251.4591274857687,None,0.051060705719625246,0.7330503790922415
cute,32,8,512,64,128,2,False,False,64,1,True,0.060863407501192006,287.78233462621955,None,0.051060705719625246,0.8389393202906891
cute,32,8,512,64,128,2,True,False,64,1,True,0.06705854213404878,261.1958588211926,None,0.051060705719625246,0.7614347716888303
cute,32,8,512,64,128,2,False,True,64,1,True,0.0594534193195643,294.60733637293447,None,0.051060705719625246,0.8588354766472234
cute,32,8,512,64,128,2,True,True,64,1,True,0.0679940188599524,257.6022685183027,None,0.051060705719625246,0.7509587839600307
cute,32,8,512,64,128,4,False,False,64,1,True,0.0620016450776118,282.4991737247412,None,0.051060705719625246,0.8235379183198928
cute,32,8,512,64,128,4,False,True,64,1,True,0.06045185188176455,289.74155396029425,None,0.051060705719625246,0.8446508110205277
cute,32,8,512,64,128,4,True,False,64,1,True,0.06385854199946484,274.2845820712096,None,0.051060705719625246,0.7995908475338062
cute,32,8,512,64,128,4,True,True,64,1,True,0.0598809783675259,292.5037963891852,None,0.051060705719625246,0.8527032642358432
cute,32,8,512,64,128,4,True,True,32,2,False,0.062116528527354296,281.9766963681289,None,0.051060705719625246,0.8220147991229035
cute,32,8,512,64,128,4,True,True,32,2,True,0.06229413109265755,281.17277176476256,None,0.051060705719625246,0.8196712085714225
torch,16,8,1024,64,None,None,None,None,None,None,True,0.08136802745336519,430.5232424133345,None,None,None
cute,16,8,1024,64,256,2,False,False,64,1,True,0.11024590270611846,317.7517363287538,None,0.08136802745336519,0.7380594240338094
cute,16,8,1024,64,256,2,False,True,64,1,True,0.11016255448094937,317.99214509008095,None,0.08136802745336519,0.7386178346784462
cute,16,8,1024,64,128,2,False,False,64,1,True,0.09761476903580703,358.8681031980929,None,0.08136802745336519,0.8335626694308705
cute,16,8,1024,64,128,2,True,False,64,1,True,0.10591999981917587,330.72910751325344,None,0.08136802745336519,0.7682026774195125
cute,16,8,1024,64,128,2,False,True,64,1,True,0.09342892296039142,374.94627892532907,None,0.08136802745336519,0.8709083319718952
cute,16,8,1024,64,128,2,True,True,64,1,True,0.10880125474696066,321.97079978049226,None,0.08136802745336519,0.7478592746251227
cute,16,8,1024,64,128,4,False,False,64,1,True,0.09857211681534943,355.3827201826417,None,0.08136802745336519,0.8254669787176037
cute,16,8,1024,64,128,4,False,True,64,1,True,0.0941300165502965,372.15362635447934,None,0.08136802745336519,0.8644216843400617
cute,16,8,1024,64,None,None,None,None,None,None,None,None,None,"CUDA error: unspecified launch failure
CUDA kernel errors might be asynchronously reported at some other API call, so the stacktrace below might be incorrect.
For debugging consider passing CUDA_LAUNCH_BLOCKING=1
Compile with `TORCH_USE_CUDA_DSA` to enable device-side assertions.
",None,None
cute,16,8,1024,64,None,None,None,None,None,None,None,None,None,"CUDA error: unspecified launch failure
CUDA kernel errors might be asynchronously reported at some other API call, so the stacktrace below might be incorrect.
For debugging consider passing CUDA_LAUNCH_BLOCKING=1
Compile with `TORCH_USE_CUDA_DSA` to enable device-side assertions.
",None,None
cute,16,8,1024,64,None,None,None,None,None,None,None,None,None,"CUDA error: unspecified launch failure
CUDA kernel errors might be asynchronously reported at some other API call, so the stacktrace below might be incorrect.
For debugging consider passing CUDA_LAUNCH_BLOCKING=1
Compile with `TORCH_USE_CUDA_DSA` to enable device-side assertions.
",None,None
cute,16,8,1024,64,None,None,None,None,None,None,None,None,None,"CUDA error: unspecified launch failure
CUDA kernel errors might be asynchronously reported at some other API call, so the stacktrace below might be incorrect.
For debugging consider passing CUDA_LAUNCH_BLOCKING=1
Compile with `TORCH_USE_CUDA_DSA` to enable device-side assertions.
",None,None
torch,8,8,2048,64,None,None,None,None,None,None,True,0.14232918523527957,492.250791010877,None,None,None
cute,8,8,2048,64,256,2,False,False,64,1,True,0.19149362631551511,365.8693783393223,None,0.14232918523527957,0.7432580810850091
cute,8,8,2048,64,256,2,False,True,64,1,True,0.19639845224477911,356.73221054043444,None,0.14232918523527957,0.7246960635814437
cute,8,8,2048,64,128,2,False,False,64,1,True,0.17365957447823058,403.44250656207106,None,0.14232918523527957,0.8195873199788447
cute,8,8,2048,64,128,2,True,False,64,1,True,0.1866900869037794,375.2832042555638,None,0.14232918523527957,0.7623821253489289
cute,8,8,2048,64,128,2,False,True,64,1,True,0.16495056826817361,424.7433322090473,None,0.14232918523527957,0.8628596235199589
cute,8,8,2048,64,128,2,True,True,64,1,True,0.192218965693806,364.48876812501567,None,0.14232918523527957,0.7404533924191536
cute,8,8,2048,64,128,4,False,False,64,1,True,0.17396197764463323,402.74119071651876,None,0.14232918523527957,0.8181626074982166
cute,8,8,2048,64,128,4,False,True,64,1,True,0.16506999994938573,424.43602130903565,None,0.14232918523527957,0.8622353260975403
cute,8,8,2048,64,128,4,True,False,64,1,True,0.1850270633684828,378.65625028308256,None,0.14232918523527957,0.7692344170854073
cute,8,8,2048,64,128,4,True,True,64,1,True,0.15396536248070852,455.04815425468536,None,0.14232918523527957,0.9244234088892108
cute,8,8,2048,64,128,4,True,True,32,2,True,0.16647582598354504,420.85181798662524,None,0.14232918523527957,0.8549540715259631
cute,8,8,2048,64,128,4,True,True,32,2,True,0.16536544675522663,423.67771134017505,None,0.14232918523527957,0.8606948309216903
torch,4,8,4096,64,None,None,None,None,None,None,True,0.2612146484390111,536.4297479845058,None,None,None
cute,4,8,4096,64,256,2,False,False,64,1,True,0.35031519792974,399.9920895812904,None,0.2612146484390111,0.7456560548406492
cute,4,8,4096,64,256,2,False,True,64,1,True,0.3677979990839958,380.9789840645635,None,0.2612146484390111,0.7102122607778414
cute,4,8,4096,64,128,2,False,False,64,1,True,0.32537098713667995,430.65704556238694,None,0.2612146484390111,0.8028209605833159
cute,4,8,4096,64,128,2,True,False,64,1,True,0.3486652845217858,401.8848857413122,None,0.2612146484390111,0.7491845619138189
cute,4,8,4096,64,128,2,False,True,64,1,True,0.3071582602417987,456.19254361479074,None,0.2612146484390111,0.8504236488166711
cute,4,8,4096,64,128,2,True,True,64,1,True,0.3361023219279301,416.9066944501693,None,0.2612146484390111,0.7771878722546373
cute,4,8,4096,64,128,4,False,False,64,1,True,0.32293287146350613,433.9084695744112,None,0.2612146484390111,0.8088821904540316
cute,4,8,4096,64,128,4,False,True,64,1,True,0.3061342450176797,457.7185019725829,None,0.2612146484390111,0.8532683052950367
cute,4,8,4096,64,128,4,True,False,64,1,True,0.34958439916372297,400.82826455414903,None,0.2612146484390111,0.7472148329956648
cute,4,8,4096,64,128,4,True,True,64,1,True,0.2800720011194547,500.3117322400086,None,0.2612146484390111,0.932669625649582
cute,4,8,4096,64,128,4,True,True,32,2,True,0.302744290196752,462.84376805565705,None,0.2612146484390111,0.8628227084621448
cute,4,8,4096,64,128,4,True,True,32,2,True,0.3027747478111681,462.7972083041446,None,0.2612146484390111,0.8627359128441028
torch,2,8,8192,64,None,None,None,None,None,None,True,0.5021108761865493,558.1369162771929,None,None,None
cute,2,8,8192,64,256,2,False,False,64,1,True,0.6657030014321208,420.97844753757755,None,0.5021108761865493,0.7542565905612003
cute,2,8,8192,64,256,2,False,True,64,1,True,0.7171112270124497,390.79937045684363,None,0.5021108761865493,0.7001854904411253
cute,2,8,8192,64,128,2,False,False,64,1,True,0.6342498458348788,441.8552371819727,None,0.5021108761865493,0.7916610141632882
cute,2,8,8192,64,128,2,True,False,64,1,True,0.6800035550480797,412.1252219691486,None,0.5021108761865493,0.738394486998009
cute,2,8,8192,64,128,2,False,True,64,1,True,0.5862584980204701,478.025678110025,None,0.5021108761865493,0.8564666915395694
cute,2,8,8192,64,128,2,True,True,64,1,True,0.6253060909417959,448.1750939638386,None,0.5021108761865493,0.8029841440218535
cute,2,8,8192,64,128,4,False,False,64,1,True,0.6277011715448819,446.465019930207,None,0.5021108761865493,0.7999202470034698
cute,2,8,8192,64,128,4,False,True,64,1,True,0.5910395214806742,474.15884366230745,None,0.5021108761865493,0.8495385806496653
cute,2,8,8192,64,128,4,True,False,64,1,True,0.6905796152930106,405.8136235965962,None,0.5021108761865493,0.7270861535255502
cute,2,8,8192,64,128,4,True,True,64,1,True,0.5379951311194379,520.909205034764,None,0.5021108761865493,0.9333000377564344
cute,2,8,8192,64,128,4,True,True,32,2,True,0.5871211998164654,477.3232786545697,None,0.5021108761865493,0.8552082199442118
cute,2,8,8192,64,128,4,True,True,32,2,True,0.5853568956033507,478.7619624351373,None,0.5021108761865493,0.8577858738112303
torch,1,8,16384,64,None,None,None,None,None,None,True,1.0285058047181816,544.9587445756607,None,None,None
cute,1,8,16384,64,256,2,False,False,64,1,True,1.28480835582899,436.2465651667995,None,1.0285058047181816,0.8005130104050143
cute,1,8,16384,64,256,2,False,True,64,1,True,1.4005060417707575,400.2076502428574,None,1.0285058047181816,0.7343815549826332
cute,1,8,16384,64,128,2,False,False,64,1,True,1.232691482357357,454.6906019469949,None,1.0285058047181816,0.8343578417134045
cute,1,8,16384,64,128,2,True,False,64,1,True,1.3741523390230925,407.882893483603,None,1.0285058047181816,0.748465636240421
cute,1,8,16384,64,128,2,False,True,64,1,True,1.1573513274391491,484.2896178882807,None,1.0285058047181816,0.8886720741867885
cute,1,8,16384,64,128,2,True,True,64,1,True,1.1944053297241528,469.2655149633714,None,1.0285058047181816,0.8611028259189989
cute,1,8,16384,64,128,4,False,False,64,1,True,1.2374073007832402,452.957754308727,None,1.0285058047181816,0.831178064059562
cute,1,8,16384,64,128,4,False,True,64,1,True,1.145483339826266,489.30718818923134,None,1.0285058047181816,0.897879322168207
cute,1,8,16384,64,128,4,True,False,64,1,True,1.3808439027431398,405.9062947046674,None,1.0285058047181816,0.7448385749286978
cute,1,8,16384,64,128,4,True,True,64,1,True,1.0323784557672648,542.9144990355701,None,1.0285058047181816,0.9962488067942051
cute,1,8,16384,64,128,4,True,True,32,2,True,1.1439137896712945,489.9785606125604,None,1.0285058047181816,0.899111291431957
cute,1,8,16384,64,128,4,True,True,32,2,True,1.1322089749939588,495.0439755443474,None,1.0285058047181816,0.908406334372742
torch,32,16,512,64,None,None,None,None,None,None,True,0.09229543392703668,379.55102996420493,None,None,None
cute,32,16,512,64,256,2,False,False,64,1,True,0.12309365666875935,284.58677689839624,None,0.09229543392703668,0.7497984577336947
cute,32,16,512,64,256,2,False,True,64,1,True,0.12619280867805385,277.59764898625474,None,0.09229543392703668,0.73138425948267
cute,32,16,512,64,128,2,False,False,64,1,True,0.10947199986137525,319.9980547752818,None,0.09229543392703668,0.8430962624589913
cute,32,16,512,64,128,2,True,False,64,1,True,0.12099395882414311,289.5254221652094,None,0.09229543392703668,0.7628102660991705
cute,32,16,512,64,128,2,False,True,64,1,True,0.1062187721381093,329.79883219184376,None,0.09229543392703668,0.8689182907050647
cute,32,16,512,64,128,2,True,True,64,1,True,0.12289504006505013,285.0467113193313,None,0.09229543392703668,0.7510102431976373
cute,32,16,512,64,128,4,False,False,64,1,True,0.10968727242163938,319.3700256611453,None,0.09229543392703668,0.8414415992791923
cute,32,16,512,64,128,4,False,True,64,1,True,0.10632692928623966,329.46335649075803,None,0.09229543392703668,0.8680344156142308
cute,32,16,512,64,128,4,True,False,64,1,True,0.11309494569089061,309.7470607019497,None,0.09229543392703668,0.8160880520628849
cute,32,16,512,64,128,4,True,True,64,1,True,0.10555408687695213,331.8756103573383,None,0.09229543392703668,0.8743899611829195
cute,32,16,512,64,128,4,True,True,32,2,True,0.10962392799220644,319.5545685107221,None,0.09229543392703668,0.8419278128183684
cute,32,16,512,64,128,4,True,True,32,2,False,0.10972863361977114,319.2496420705276,None,0.09229543392703668,0.841124425615801
torch,16,16,1024,64,None,None,None,None,None,None,True,0.1532681365202113,457.1181956450619,None,None,None
cute,16,16,1024,64,256,2,False,False,64,1,True,0.2070983730174683,338.3013250910013,None,0.1532681365202113,0.7400740734321628
cute,16,16,1024,64,256,2,False,True,64,1,True,0.20990202333150285,333.7826520392807,None,0.1532681365202113,0.7301889428581237
cute,16,16,1024,64,128,2,False,False,64,1,True,0.18568556577615117,377.31341002811797,None,0.1532681365202113,0.8254176132623042
cute,16,16,1024,64,128,2,True,False,64,1,True,0.1996135112312105,350.98653184276804,None,0.1532681365202113,0.7678244602525037
cute,16,16,1024,64,128,2,False,True,64,1,True,0.17605298885735132,397.9577652769539,None,0.1532681365202113,0.8705795767227691
cute,16,16,1024,64,128,2,True,True,64,1,True,0.20431617436849553,342.90801613013724,None,0.1532681365202113,0.7501517537411586
cute,16,16,1024,64,128,4,False,False,64,1,True,0.18628629756734727,376.0966583743011,None,0.1532681365202113,0.8227558254240408
cute,16,16,1024,64,128,4,False,True,64,1,True,0.17716850497220693,395.4520812093031,None,0.1532681365202113,0.8650980971152578
cute,16,16,1024,64,None,None,None,None,None,None,None,None,None,"CUDA error: unspecified launch failure
CUDA kernel errors might be asynchronously reported at some other API call, so the stacktrace below might be incorrect.
For debugging consider passing CUDA_LAUNCH_BLOCKING=1
Compile with `TORCH_USE_CUDA_DSA` to enable device-side assertions.
",None,None
cute,16,16,1024,64,None,None,None,None,None,None,None,None,None,"CUDA error: unspecified launch failure
CUDA kernel errors might be asynchronously reported at some other API call, so the stacktrace below might be incorrect.
For debugging consider passing CUDA_LAUNCH_BLOCKING=1
Compile with `TORCH_USE_CUDA_DSA` to enable device-side assertions.
",None,None
cute,16,16,1024,64,128,4,True,True,32,2,True,0.18002110624566992,389.1857764743917,None,0.1532681365202113,0.8513898159866345
cute,16,16,1024,64,128,4,True,True,32,2,True,0.17947630071511833,390.3671612176164,None,0.1532681365202113,0.8539742345341343
torch,8,16,2048,64,None,None,None,None,None,None,True,0.27428840669718657,510.86121254368453,None,None,None
cute,8,16,2048,64,256,2,False,False,64,1,True,0.368574202395557,380.1766567526027,None,0.27428840669718657,0.7441877508367173
cute,8,16,2048,64,256,2,False,True,64,1,True,0.38289319608629363,365.959253035199,None,0.27428840669718657,0.7163574842822996
cute,8,16,2048,64,128,2,False,False,64,1,True,0.3375336575071986,415.13877183940264,None,0.27428840669718657,0.8126253503810559
cute,8,16,2048,64,128,2,True,False,64,1,True,0.3629985197826668,386.01619674894033,None,0.27428840669718657,0.7556185266579257
cute,8,16,2048,64,128,2,False,True,64,1,True,0.3184765712136314,439.9799567611097,None,0.27428840669718657,0.8612514435581393
cute,8,16,2048,64,128,2,True,True,64,1,True,0.3538832590903765,395.95913181135984,None,0.27428840669718657,0.7750816113828584
cute,8,16,2048,64,128,4,False,False,64,1,True,0.33421268368639595,419.263884561254,None,0.27428840669718657,0.8207001711358192
cute,8,16,2048,64,128,4,False,True,64,1,True,0.3167886824869528,442.3242236179668,None,0.27428840669718657,0.865840296262741
cute,8,16,2048,64,128,4,True,False,64,1,True,0.35798479009557654,391.4225182432728,None,0.27428840669718657,0.7662012864400068
cute,8,16,2048,64,128,4,True,True,64,1,True,0.296937630593198,471.8947468937264,None,0.27428840669718657,0.9237239690679667
cute,8,16,2048,64,128,4,True,True,32,2,True,0.318000391125679,440.63879146809273,None,0.27428840669718657,0.862541098538408
cute,8,16,2048,64,128,4,True,True,32,2,True,0.3193584565656731,438.76498383309587,None,0.27428840669718657,0.8588731597930357
torch,4,16,4096,64,None,None,None,None,None,None,True,0.5240093890778319,534.8122035698383,None,None,None
cute,4,16,4096,64,256,2,False,False,64,1,True,0.6784295375530537,413.08138952025587,None,0.5240093890778319,0.772385870709313
cute,4,16,4096,64,256,2,False,True,64,1,True,0.7282709633150408,384.8109154157899,None,0.5240093890778319,0.7195253078504958
cute,4,16,4096,64,128,2,False,False,64,1,True,0.6381341549066397,439.1656737210699,None,0.5240093890778319,0.8211586624046091
cute,4,16,4096,64,128,2,True,False,64,1,True,0.6870207020214626,407.915824427726,None,0.5240093890778319,0.7627272184608227
cute,4,16,4096,64,128,2,False,True,64,1,True,0.6004422742929032,466.7336529461152,None,0.5240093890778319,0.8727056896433871
cute,4,16,4096,64,128,2,True,True,64,1,True,0.626832244029412,447.08391875713784,None,0.5240093890778319,0.8359643175172152
cute,4,16,4096,64,128,4,False,False,64,1,True,0.637415273623033,439.66096775669314,None,0.5240093890778319,0.8220847707325739
cute,4,16,4096,64,128,4,False,True,64,1,True,0.6018106296880922,465.67242624020594,None,0.5240093890778319,0.8707213917929909
cute,4,16,4096,64,128,4,True,False,64,1,True,0.6939560619611589,403.83913539426015,None,0.5240093890778319,0.7551045632441798
cute,4,16,4096,64,128,4,True,True,64,1,True,0.5463743959154401,512.9204775316238,None,0.5240093890778319,0.9590665173829457
cute,4,16,4096,64,128,4,True,True,32,2,True,0.591564235441825,473.7382675859209,None,0.5240093890778319,0.8858030247323218
cute,4,16,4096,64,128,4,True,True,32,2,True,0.5947835966001583,471.17408359261634,None,0.5240093890778319,0.8810084744655388
torch,2,16,8192,64,None,None,None,None,None,None,True,1.005441741450973,557.4596806764168,None,None,None
cute,2,16,8192,64,256,2,False,False,64,1,True,1.3045667674806383,429.63936082046376,None,1.005441741450973,0.7707093009832441
cute,2,16,8192,64,256,2,False,True,64,1,True,1.4174441747043445,395.42526057148575,None,1.005441741450973,0.7093342788337267
cute,2,16,8192,64,128,2,False,False,64,1,True,1.2540521725364353,446.9457048141395,None,1.005441741450973,0.8017543157055221
cute,2,16,8192,64,128,2,True,False,64,1,True,1.3354453245798747,419.7051139509053,None,1.005441741450973,0.7528887352743405
cute,2,16,8192,64,128,2,False,True,64,1,True,1.1632241643204981,481.8445569821998,None,1.005441741450973,0.8643576812542454
cute,2,16,8192,64,128,2,True,True,64,1,True,1.1975981230829276,468.0144543690043,None,1.005441741450973,0.8395485280677509
cute,2,16,8192,64,128,4,False,False,64,1,True,1.245241043360337,450.10822211215003,None,1.005441741450973,0.8074274027603081
cute,2,16,8192,64,128,4,False,True,64,1,True,1.1676426604390144,480.02120093596426,None,1.005441741450973,0.8610868508974685
cute,2,16,8192,64,128,4,True,False,64,1,True,1.3540305441076106,413.9443047035541,None,1.005441741450973,0.7425546977698506
cute,2,16,8192,64,128,4,True,True,64,1,True,1.0708806210873174,523.3946913325444,None,1.005441741450973,0.9388924607022013
cute,2,16,8192,64,128,4,True,True,32,2,True,1.1617960828415892,482.4368410307536,None,1.005441741450973,0.8654201510060221
cute,2,16,8192,64,128,4,True,True,32,2,True,1.1559379994869232,484.8817431183866,None,1.005441741450973,0.8698059427904008
torch,1,16,16384,64,None,None,None,None,None,None,True,1.99363788779901,562.2818823400155,None,None,None
cute,1,16,16384,64,256,2,False,False,64,1,True,2.5306946162519783,442.95603944351404,None,1.99363788779901,0.7877828778691747
cute,1,16,16384,64,256,2,False,True,64,1,True,2.800209787156847,400.32231491990376,None,1.99363788779901,0.7119601884626015
cute,1,16,16384,64,128,2,False,False,64,1,True,2.4552278672495196,456.5712532058339,None,1.99363788779901,0.8119970917536025
cute,1,16,16384,64,128,2,True,False,64,1,True,2.724392290468569,411.462940993421,None,1.99363788779901,0.7317734288024004
cute,1,16,16384,64,128,2,False,True,64,1,True,2.3125,484.75090346205405,None,1.99363788779901,0.8621136812103827
cute,1,16,16384,64,128,2,True,True,64,1,True,2.3700255870819094,472.984962848529,None,1.99363788779901,0.8411883393434895
cute,1,16,16384,64,128,4,False,False,64,1,True,2.4606841268210577,455.55886350362056,None,1.99363788779901,0.8101965896673533
cute,1,16,16384,64,128,4,False,True,64,1,True,2.275357961654663,492.6637844011179,None,1.99363788779901,0.8761864820378489
cute,1,16,16384,64,128,4,True,False,64,1,True,2.676301037823712,418.8566414664445,None,1.99363788779901,0.7449228840938523
cute,1,16,16384,64,128,4,True,True,64,1,True,2.1564431768475156,519.8312092298021,None,1.99363788779901,0.9245028615655391
cute,1,16,16384,64,128,4,True,True,32,2,True,2.3041527886544504,486.5070015216392,None,1.99363788779901,0.8652368443688272
cute,1,16,16384,64,128,4,True,True,32,2,True,2.2501863048922632,498.1749563664115,None,1.99363788779901,0.8859879217398683
torch,32,8,512,128,None,None,None,None,None,None,True,0.07176637915457176,483.4475850212905,None,None,None
cute,32,8,512,128,128,2,False,False,128,1,True,0.0837365435165109,414.33860571470683,None,0.07176637915457176,0.8570496958764616
cute,32,8,512,128,128,2,False,True,128,1,True,0.08060896983652403,430.41466425340076,None,0.07176637915457176,0.8903026462205739
cute,32,8,512,128,128,2,True,False,128,1,True,0.09139928686441762,379.6012406471753,None,0.07176637915457176,0.7851962703060315
cute,32,8,512,128,128,2,True,True,128,1,True,0.09281662712786712,373.8046055067556,None,0.07176637915457176,0.7732060663624862
cute,32,8,512,128,128,2,False,True,64,2,True,0.08273723039489526,419.3430517604157,None,0.07176637915457176,0.8674012752425856
cute,32,8,512,128,128,2,True,True,64,2,True,0.09470384169628124,366.35559937757404,None,0.07176637915457176,0.7577979717520776
torch,16,8,1024,128,None,None,None,None,None,None,True,0.11942340347214021,581.04662368116,None,None,None
cute,16,8,1024,128,128,2,False,False,128,1,True,0.13674808217554676,507.4335542557861,None,0.11942340347214021,0.8733095307240474
cute,16,8,1024,128,128,2,False,True,128,1,True,0.12848808112168553,540.0544919826702,None,0.11942340347214021,0.9294512178062606
cute,16,8,1024,128,128,2,True,False,128,1,True,0.14465785261831784,479.68751173908385,None,0.11942340347214021,0.825557695697591
cute,16,8,1024,128,128,2,True,True,128,1,True,0.15062268062965156,460.6913453267793,None,0.11942340347214021,0.7928646799599617
cute,16,8,1024,128,128,2,False,True,64,2,True,0.1310498917644674,529.497311609489,None,0.11942340347214021,0.9112819695172035
cute,16,8,1024,128,128,2,True,True,64,2,True,0.15325093611117896,452.79048296096033,None,0.11942340347214021,0.7792670407279086
torch,8,8,2048,128,None,None,None,None,None,None,True,0.21520290939193784,644.8850117506784,None,None,None
cute,8,8,2048,128,128,2,False,False,128,1,True,0.24024161830377044,577.6731431126142,None,0.21520290939193784,0.8957769719975299
cute,8,8,2048,128,128,2,False,True,128,1,True,0.22163016083596768,626.1834139745732,None,0.21520290939193784,0.971000104770096
cute,8,8,2048,128,128,2,True,False,128,1,True,0.25464072823524475,545.0075944795046,None,0.21520290939193784,0.8451236802666027
cute,8,8,2048,128,128,2,True,True,128,1,True,0.2689466043267139,516.017412078607,None,0.21520290939193784,0.8001696467991516
cute,8,8,2048,128,128,2,False,True,64,2,True,0.22605411222811495,613.9288039668735,None,0.21520290939193784,0.9519973216624037
cute,8,8,2048,128,128,2,True,True,64,2,True,0.2708405863221099,512.4089141756177,None,0.21520290939193784,0.794574078849459
torch,4,8,4096,128,None,None,None,None,None,None,True,0.41620933950828215,666.8813867365818,None,None,None
cute,4,8,4096,128,128,2,False,False,128,1,True,0.455503785610199,609.3522606671071,None,0.41620933950828215,0.9137340954273794
cute,4,8,4096,128,128,2,False,True,128,1,True,0.4166524688918869,666.1721271979836,None,0.41620933950828215,0.9989364532393549
cute,4,8,4096,128,128,2,True,False,128,1,True,0.4714111991226673,588.7901306132837,None,0.41620933950828215,0.8829008311276437
cute,4,8,4096,128,128,2,True,True,128,1,True,0.4698421636948714,590.7563921492934,None,0.41620933950828215,0.8858492737969342
cute,4,8,4096,128,128,2,False,True,64,2,True,0.4275109124036483,649.2518751005134,None,0.41620933950828215,0.9735642469760037
cute,4,8,4096,128,128,2,True,True,64,2,True,0.47331550921479315,586.4212266453342,None,0.41620933950828215,0.8793486192724863
torch,2,8,8192,128,None,None,None,None,None,None,True,0.8268300310561532,671.3889217339027,None,None,None
cute,2,8,8192,128,128,2,False,False,128,1,True,0.9020654025830721,615.3927657777319,None,0.8268300310561532,0.9165965446502196
cute,2,8,8192,128,128,2,False,True,128,1,True,0.820441065231959,676.6171837718198,None,0.8268300310561532,1.007787233105388
cute,2,8,8192,128,128,2,True,False,128,1,True,0.9001983978531577,616.6690857614179,None,0.8268300310561532,0.9184975590136825
cute,2,8,8192,128,128,2,True,True,128,1,True,0.8748125710657665,634.5639527467043,None,0.8268300310561532,0.945151062528563
cute,2,8,8192,128,128,2,False,True,64,2,True,0.8064629832903544,688.3447033651836,None,0.8268300310561532,1.0252547831553305
cute,2,8,8192,128,128,2,True,True,64,2,True,0.8855329581669399,626.8818318824768,None,0.8268300310561532,0.9337089302330404
torch,1,8,16384,128,None,None,None,None,None,None,True,1.6579871470810936,669.6367025345202,None,None,None
cute,1,8,16384,128,128,2,False,False,128,1,True,1.7541464628317418,632.9283611949429,None,1.6579871470810936,0.9451817064377754
cute,1,8,16384,128,128,2,False,True,128,1,True,1.627193298450736,682.3092542681175,None,1.6579871470810936,1.0189245178551785
cute,1,8,16384,128,128,2,True,False,128,1,True,1.7678607637817796,628.01837608578,None,1.6579871470810936,0.9378493946176812
cute,1,8,16384,128,128,2,True,True,128,1,True,1.7504993708510148,634.2470408751112,None,1.6579871470810936,0.9471509528592713
cute,1,8,16384,128,128,2,False,True,64,2,True,1.6621872037649155,667.9446475711309,None,1.6579871470810936,0.9974731746975861
cute,1,8,16384,128,128,2,True,True,64,2,True,1.7793306047851976,623.9700722452477,None,1.6579871470810936,0.9318038719854691
torch,32,16,512,128,None,None,None,None,None,None,True,0.1329750303066138,521.8315439823494,None,None,None
cute,32,16,512,128,128,2,False,False,128,1,True,0.15179579374716454,457.13101570903166,None,0.1329750303066138,0.876012615528075
cute,32,16,512,128,128,2,False,True,128,1,True,0.1468687836349625,472.4663993164671,None,0.1329750303066138,0.9054002287995987
cute,32,16,512,128,128,2,True,False,128,1,True,0.17024433379992843,407.5939787667058,None,0.1329750303066138,0.7810834424767782
cute,32,16,512,128,128,2,True,True,128,1,True,0.17185886314040735,403.7648341669085,None,0.1329750303066138,0.7737455483920794
cute,32,16,512,128,128,2,False,True,64,2,True,0.1515269274871374,457.94213957047555,None,0.1329750303066138,0.8775669942750051
cute,32,16,512,128,128,2,True,True,64,2,True,0.17678025523398785,392.52440994699356,None,0.1329750303066138,0.7522052173225281
torch,16,16,1024,128,None,None,None,None,None,None,True,0.2323477733060249,597.2991639959105,None,None,None
cute,16,16,1024,128,128,2,False,False,128,1,True,0.2548855176602287,544.4841748011752,None,0.2323477733060249,0.911576991266144
cute,16,16,1024,128,128,2,False,True,128,1,True,0.24170498918281513,574.1756974947339,None,0.2323477733060249,0.9612866250364702
cute,16,16,1024,128,128,2,True,False,128,1,True,0.2778060964885212,499.56114176829936,None,0.2323477733060249,0.8363667185238512
cute,16,16,1024,128,128,2,True,True,128,1,True,0.2854799986595199,486.1325886354598,None,0.2323477733060249,0.8138845957580952
cute,16,16,1024,128,128,2,False,True,64,2,True,0.24668979828947046,562.5734493858217,None,0.2323477733060249,0.9418621074608997
cute,16,16,1024,128,128,2,True,True,64,2,True,0.29062502086162567,477.52643712695817,None,0.2323477733060249,0.7994761518370845
torch,8,16,2048,128,None,None,None,None,None,None,True,0.43955103461466843,631.4676559624628,None,None,None
cute,8,16,2048,128,128,2,False,False,128,1,True,0.46760284859840184,593.585480362167,None,0.43955103461466843,0.9400093175911647
cute,8,16,2048,128,128,2,False,True,128,1,True,0.4341684223005646,639.2962897514692,None,0.43955103461466843,1.0123975214171093
cute,8,16,2048,128,128,2,True,False,128,1,True,0.4860174895025963,571.0952126189221,None,0.43955103461466843,0.9043934510762505
cute,8,16,2048,128,128,2,True,True,128,1,True,0.49342310925324756,562.5238386667095,None,0.43955103461466843,0.8908197171386849
cute,8,16,2048,128,128,2,False,True,64,2,True,0.4380934728603614,633.5685845574573,None,0.43955103461466843,1.0033270565406749
cute,8,16,2048,128,128,2,True,True,64,2,True,0.49769555611742866,557.6948760991361,None,0.43955103461466843,0.8831725122153967
torch,4,16,4096,128,None,None,None,None,None,None,True,0.8391842810731185,661.5049108142574,None,None,None
cute,4,16,4096,128,128,2,False,False,128,1,True,0.9135264039039612,607.6721161377183,None,0.8391842810731185,0.9186207180075571
cute,4,16,4096,128,128,2,False,True,128,1,True,0.8407148476374351,660.3006055715598,None,0.8391842810731185,0.998179446255032
cute,4,16,4096,128,128,2,True,False,128,1,True,0.9202833468263799,603.2104404826631,None,0.8391842810731185,0.9118759825080682
cute,4,16,4096,128,128,2,True,True,128,1,True,0.8993994274309703,617.2168961610845,None,0.8391842810731185,0.9330496056353411
cute,4,16,4096,128,128,2,False,True,64,2,True,0.8617759953285086,644.1633626571216,None,0.8391842810731185,0.9737847023149233
cute,4,16,4096,128,128,2,True,True,64,2,True,0.8968228548765182,618.9901606426321,None,0.8391842810731185,0.9357302576646133
torch,2,16,8192,128,None,None,None,None,None,None,True,1.6592361966117484,669.1326095001963,None,None,None
cute,2,16,8192,128,128,2,False,False,128,1,True,1.8139578982403404,612.0588835567878,None,1.6592361966117484,0.9147049103076305
cute,2,16,8192,128,128,2,False,True,128,1,True,1.6380200058221817,677.7994420518238,None,1.6592361966117484,1.0129523392352693
cute,2,16,8192,128,128,2,True,False,128,1,True,1.801611243067561,616.2533955580811,None,1.6592361966117484,0.9209734913657655
cute,2,16,8192,128,128,2,True,True,128,1,True,1.768992841243744,627.6164720007605,None,1.6592361966117484,0.9379552918061399
cute,2,16,8192,128,128,2,False,True,64,2,True,1.6785076368938794,661.4501010376954,None,1.6592361966117484,0.9885187056296072
cute,2,16,8192,128,128,2,True,True,64,2,True,1.7675258893715708,628.1373600760891,None,1.6592361966117484,0.9387337444894095
torch,1,16,16384,128,None,None,None,None,None,None,True,3.3323819406570925,666.3396127978516,None,None,None
cute,1,16,16384,128,128,2,False,False,128,1,True,3.7311610449915347,595.1225544157764,None,3.3323819406570925,0.8931219801220489
cute,1,16,16384,128,128,2,False,True,128,1,True,3.3075323013158946,671.3458523590472,None,3.3323819406570925,1.007513045097492
cute,1,16,16384,128,128,2,True,False,128,1,True,3.5735054557973687,621.3781172293,None,3.3323819406570925,0.932524654537998
cute,1,16,16384,128,128,2,True,True,128,1,True,3.485505383947621,637.0663210731018,None,3.3323819406570925,0.9560685104674537
cute,1,16,16384,128,128,2,False,True,64,2,True,3.3435853521029153,664.1068966986111,None,3.3323819406570925,0.9966492820532377
cute,1,16,16384,128,128,2,True,True,64,2,True,3.5525259349657143,625.0476795050984,None,3.3323819406570925,0.9380316996022869
